plant_code,lat,lon,State
2,33.458665,-87.356823,AL
4,32.583889,-86.283056,AL
11,33.7845,-86.0524,AL
12,33.2553,-87.4495,AL
13,32.6189,-86.2548,AL
14,33.425878,-86.337547,AL
15,32.9633,-86.5187,AL
16,32.680394,-85.911442,AL
17,32.806025,-86.444892,AL
18,33.9406,-87.1077,AL
19,32.535436,-85.887614,AL
20,34.172142,-85.753806,AL
21,32.5743,-85.8901,AL
34,39.134259,-120.953341,CA
38,32.100881,-87.399767,AL
48,34.421272,-86.393931,AL
49,34.8069,-87.3819,AL
53,31.4033,-86.479469,AL
55,31.361146,-86.518307,AL
62,58.3176,-134.101,AK
63,58.3107,-134.4174,AK
65,58.3269,-134.4631,AK
66,59.4545,-135.3131,AK
70,55.615208,-131.356111,AK
71,57.6861,-152.895,AK
72,34.01135,-118.4168,CA
77,61.475211,-149.15009,AK
78,58.1415,-133.737,AK
84,55.344641,-131.633425,AK
88,41.949,-74.2063,NY
91,56.81104,-132.957091,AK
100,33.466477,-111.781064,AZ
104,37.147926,-119.2567,CA
141,33.5561,-112.2153,AZ
145,33.5907,-111.344,AZ
148,33.5536,-111.4431,AZ
149,33.671104,-111.161786,AZ
150,33.5661,-111.536,AZ
152,35.197044,-114.570669,AZ
153,36.936614,-111.483872,AZ
154,36.01551,-114.738006,NV
159,40.493631,-111.312506,UT
161,37.611461,-120.594678,CA
162,37.621536,-120.746247,CA
166,34.4425,-93.0262,AR
174,34.4272,-92.8941,AR
180,40.45193,-121.86215,CA
182,36.421507,-93.847373,AR
187,34.211913,-93.110963,AR
188,35.5207,-91.9953,AR
195,34.148427,-93.715168,AR
196,36.2491,-92.2401,AR
197,34.570984,-93.194425,AR
198,36.3635,-92.5763,AR
199,35.2503,-93.1686,AR
214,39.215979,-120.80355,CA
215,38.071944,-120.539444,CA
217,36.909137,-119.087712,CA
218,36.908907,-119.087556,CA
219,40.007445,-121.249438,CA
220,39.91062,-121.327692,CA
221,40.175656,-121.190663,CA
222,40.085476,-121.148241,CA
223,40.085997,-121.149373,CA
225,38.771764,-120.813239,CA
227,40.404645,-122.121904,CA
229,40.570817,-122.02093,CA
231,39.825907,-121.409687,CA
232,39.869265,-121.631819,CA
233,39.29807,-120.8443,CA
235,39.256873,-120.767437,CA
236,39.257388,-120.767046,CA
237,39.216985,-120.835587,CA
238,38.793574,-120.619152,CA
239,38.330985,-120.669901,CA
240,36.927424,-119.02025,CA
241,38.956985,-121.041932,CA
243,40.929297,-121.544462,CA
244,40.960675,-121.548657,CA
249,40.992295,-121.975182,CA
253,40.677827,-121.873253,CA
254,36.888166,-119.158777,CA
258,37.52301,-120.329905,CA
261,38.147093,-120.446396,CA
262,39.2364,-121.271741,CA
264,38.032103,-120.326537,CA
265,40.99084,-121.498243,CA
266,40.997448,-121.748139,CA
267,40.986361,-121.84944,CA
268,40.986197,-121.977594,CA
269,40.922568,-121.992906,CA
270,40.847462,-121.990798,CA
272,39.722892,-121.469814,CA
274,39.361786,-123.127934,CA
275,39.90521,-121.345226,CA
276,37.203233,-119.497508,CA
279,38.497914,-120.21811,CA
280,40.395396,-121.879186,CA
281,39.324613,-120.644807,CA
282,39.324592,-120.645375,CA
283,39.337679,-120.635467,CA
284,38.18653,-120.11168,CA
285,38.139048,-120.370325,CA
286,38.777,-122.745,CA
287,38.449291,-120.492645,CA
290,40.459111,-121.86708,CA
291,38.420898,-120.549572,CA
292,38.889862,-121.098525,CA
293,37.15105,-119.504724,CA
294,41.978914,-122.335317,CA
295,41.975716,-122.358127,CA
296,41.985605,-122.360455,CA
297,41.932981,-122.43678,CA
299,38.4889,-112.8533,UT
314,32.673097,-115.392026,CA
316,34.0969,-118.4795,CA
317,37.2042,-119.2396,CA
318,37.2,-119.3069,CA
319,37.148517,-119.386623,CA
320,37.139,-119.4898,CA
321,37.2096,-119.3289,CA
322,37.200062,-119.30681,CA
323,37.273581,-118.573339,CA
324,37.301962,-118.531957,CA
325,37.323035,-118.501714,CA
326,37.3344,-118.4797,CA
327,37.3499,-118.4628,CA
332,34.155162,-117.397119,CA
336,36.461326,-118.87988,CA
338,36.486059,-118.835645,CA
339,35.776185,-118.436233,CA
340,35.460303,-118.77959,CA
342,38.042729,-119.172015,CA
344,37.220302,-119.337983,CA
353,37.944237,-119.2161,CA
354,37.257045,-119.158936,CA
357,37.766954,-119.123284,CA
361,34.14522,-117.058481,CA
363,34.107245,-117.099091,CA
376,38.2569,-120.8507,CA
380,37.896649,-119.9675,CA
381,37.809388,-120.299254,CA
382,37.877667,-119.953233,CA
385,32.705435,-115.030975,CA
386,32.705428,-115.126103,CA
387,32.705341,-115.219067,CA
388,32.736642,-114.713858,CA
390,61.0828,-146.3033,AK
391,37.142795,-118.324075,CA
392,34.587237,-118.656638,CA
393,37.437921,-118.556988,CA
394,36.443421,-118.04389,CA
396,34.318248,-118.494449,CA
397,34.103931,-118.413377,CA
398,36.109722,-117.956667,CA
401,37.51,-118.569167,CA
402,37.41416,-118.523889,CA
403,34.312778,-118.492778,CA
407,37.546036,-118.590001,CA
409,37.584345,-120.26859,CA
410,37.522065,-120.31009,CA
412,39.177903,-120.890856,CA
413,39.2184,-120.8352,CA
414,38.202569,-120.076983,CA
415,38.246656,-120.034072,CA
416,37.876111,-120.605,CA
417,39.551012,-121.278784,CA
418,39.531784,-121.491247,CA
419,39.553811,-121.204077,CA
424,39.077971,-120.406069,CA
425,39.024801,-120.596383,CA
426,39.003372,-120.746651,CA
427,39.000999,-120.725053,CA
428,37.477838,-120.444492,CA
430,38.82881,-120.537089,CA
431,38.83405,-120.53176,CA
432,38.982697,-120.324503,CA
433,38.896511,-120.378292,CA
435,38.765336,-120.787366,CA
436,34.2056,-117.3344,CA
437,39.542985,-121.492188,CA
439,37.695994,-120.420152,CA
440,37.6697,-120.4436,CA
441,38.70675,-121.158443,CA
442,40.646934,-122.626973,CA
443,40.611858,-122.446441,CA
444,38.63735,-121.220198,CA
445,40.717455,-122.422274,CA
446,37.098671,-121.047718,CA
447,34.295334,-114.140222,CA
448,37.0692,-121.0772,CA
450,40.628115,-122.467509,CA
451,40.797296,-122.762553,CA
454,39.330833,-121.191666,CA
455,39.238996,-121.270409,CA
457,33.166246,-117.016566,CA
467,39.6551,-105.7088,CO
472,39.6919,-105.6978,CO
474,38.53419,-106.182003,CO
476,39.57013,-107.226876,CO
479,33.8343,-117.4971,CA
480,33.85895,-117.6106,CA
481,33.8361,-117.1831,CA
482,34.004722,-118.09917,CA
483,33.92493,-117.95517,CA
484,33.3944,-117.1889,CA
487,33.9001,-117.82905,CA
489,37.6508,-120.4706,CA
494,38.855556,-104.933056,CO
495,38.841354,-104.973802,CO
505,43.417872,-108.177545,WY
508,38.033327,-102.537915,CO
510,38.7903,-122.7559,CA
512,38.453191,-107.337483,CO
513,40.376771,-105.509665,CO
514,38.451753,-107.539299,CO
515,40.421031,-105.223804,CO
516,39.878805,-106.332725,CO
517,40.34408,-105.534308,CO
518,40.364996,-105.236032,CO
519,40.365056,-105.325074,CO
520,39.19366,-108.044088,CO
521,39.143808,-108.004777,CO
531,39.048802,-121.316966,CA
534,38.850283,-120.381883,CA
537,38.2268,-121.0245,CA
539,41.5826,-73.4349,CT
541,41.659046,-73.491984,CT
547,42.610683,-72.471643,MA
551,41.6651,-72.1221,CT
552,41.44842,-73.295321,CT
553,41.3833,-73.1714,CT
554,41.5725,-72.0458,CT
557,41.555425,-72.041829,CT
559,41.915312,-72.693616,CT
560,41.957272,-73.369297,CT
579,41.828814,-74.131877,NY
583,41.538955,-72.050936,CT
584,36.8061,-107.6131,NM
585,32.711611,-114.942666,CA
586,32.699451,-115.28245,CA
622,47.699167,-121.783333,WA
625,42.9126,-73.6805,NY
626,40.07531,-121.16143,CA
632,38.835182,-121.092982,CA
678,44.625282,-72.530859,VT
682,37.071846,-119.558008,CA
690,30.708571,-84.863869,FL
692,41.835278,-106.242778,WY
702,32.663,-85.0908,AL
704,34.7939,-83.5402,GA
706,31.6026,-84.137,GA
707,32.6096,-85.0795,AL
712,33.3207,-83.8414,GA
714,39.893491,-121.59338,CA
717,33.9681,-84.3841,GA
718,34.7549,-83.5012,GA
719,32.4994,-84.9965,GA
720,32.5155,-85.0004,GA
722,33.1405,-83.2018,GA
723,34.7388,-83.3956,GA
724,34.7653,-83.4162,GA
725,34.714,-83.3522,GA
729,34.6821,-83.3418,GA
736,33.562644,-82.051242,GA
745,34.10345,-117.5257,CA
751,37.816447,-120.312033,CA
752,31.847697,-83.941996,GA
754,34.3564,-82.8219,GA
757,34.883889,-84.282222,GA
758,34.959153,-84.08765,GA
759,34.162279,-84.077367,GA
761,31.624501,-85.065237,GA
771,19.7264,-155.0908,HI
774,19.7203,-155.1189,HI
776,39.580413,-121.119479,CA
785,41.2114,-101.6681,NE
788,44.326335,-72.035894,VT
790,43.420221,-112.101852,ID
791,29.87056,-98.194733,TX
794,33.068473,-96.963806,TX
805,44.099461,-70.220851,ME
808,43.3121,-75.109,NY
809,42.7778,-112.8764,ID
810,42.913786,-115.070986,ID
811,44.8367,-116.8975,ID
812,42.944869,-115.977858,ID
813,44.5256,-116.0483,ID
814,42.66701,-114.78012,ID
815,42.865783,-114.906172,ID
816,42.841608,-114.903611,ID
818,42.5975,-114.4033,ID
819,43.2435,-116.3791,ID
820,42.740542,-114.836722,ID
821,42.5892,-114.3553,ID
822,42.767422,-114.924692,ID
823,42.864267,-114.885542,ID
825,44.07863,-111.497326,ID
827,42.53675,-111.793967,ID
829,42.267774,-111.748531,ID
831,42.64455,-111.696689,ID
833,48.084444,-116.053056,ID
835,47.703333,-116.953889,ID
839,39.272108,-120.932508,CA
840,46.5143,-116.2977,ID
841,43.491398,-112.04541,ID
843,43.468398,-112.062602,ID
844,43.552695,-112.050953,ID
846,39.0096,-121.0591,CA
850,43.334849,-111.205752,ID
851,48.180245,-116.99859,ID
899,41.509959,-90.534021,IL
903,42.4511,-89.0756,IL
905,34.8158,-118.6867,CA
917,46.982514,-119.257764,WA
925,39.205623,-111.334381,UT
944,41.451494,-90.148547,IL
955,41.3237,-89.1123,IL
986,41.6928,-85.965,IN
987,42.603349,-111.705304,ID
989,41.665,-86.1322,IN
998,40.7803,-86.76,IN
999,40.6564,-86.7528,IN
1005,38.7795,-84.964,IN
1020,39.255911,-111.621491,UT
1067,42.069987,-90.697657,IA
1109,40.3965,-91.3719,IA
1172,43.279722,-92.810556,IA
1173,41.016346,-92.414873,IA
1354,37.7864,-84.7028,KY
1359,37.8297,-84.7247,KY
1365,38.2832,-85.7792,KY
1371,37.0217,-88.2211,KY
1377,37.0131,-88.2692,KY
1380,36.8691,-85.147,KY
1469,44.5442,-68.4306,ME
1475,44.942064,-68.64504,ME
1478,44.9094,-68.6833,ME
1482,43.687688,-70.611553,ME
1483,43.920486,-69.967819,ME
1486,43.4956,-70.4472,ME
1488,44.134572,-70.203715,ME
1491,44.152854,-70.209378,ME
1492,45.4592,-69.8658,ME
1493,43.8525,-70.7969,ME
1497,44.548544,-69.710404,ME
1498,44.569872,-69.681841,ME
1500,44.534397,-69.652232,ME
1501,43.802517,-70.44992,ME
1504,44.629517,-69.583527,ME
1505,43.5708,-70.5583,ME
1508,43.66687,-70.602125,ME
1509,44.763875,-69.71828,ME
1510,44.9589,-69.8703,ME
1511,45.0703,-69.9064,ME
1516,46.556477,-68.325538,ME
1567,39.523,-79.413,MD
1574,39.6572,-76.1752,MD
1603,42.2086,-72.6014,MA
1604,42.1919,-72.6097,MA
1605,42.2119,-72.6036,MA
1607,42.200592,-72.594432,MA
1620,42.69118,-72.9561,MA
1629,42.5875,-72.5793,MA
1630,42.117112,-72.864663,MA
1634,42.5914,-72.7308,MA
1637,42.157896,-72.48643,MA
1638,42.176047,-72.409521,MA
1693,44.561961,-83.804505,MI
1694,42.563803,-85.953976,MI
1698,44.259135,-85.939565,MI
1700,44.472624,-83.571947,MI
1701,43.437322,-85.664462,MI
1704,44.455518,-83.676274,MI
1705,44.435381,-83.440722,MI
1707,43.486618,-85.629866,MI
1708,44.36286,-85.819968,MI
1712,44.4631,-83.7208,MI
1713,43.8942,-86.4447,MI
1714,44.661114,-84.131691,MI
1716,43.613001,-85.479469,MI
1722,42.9528,-84.9025,MI
1751,46.4974,-84.332,MI
1753,41.9439,-86.3289,MI
1754,41.839566,-86.35105,MI
1756,46.5392,-90.3742,MI
1757,46.564601,-90.416147,MI
1760,41.8436,-85.6694,MI
1761,41.8056,-85.7505,MI
1773,46.7261,-88.6625,MI
1774,46.6964,-89.2089,MI
1775,45.9472,-88.2189,WI
1776,45.5136,-87.8011,MI
1777,46.1311,-88.225,MI
1778,45.807956,-88.125121,MI
1780,45.9553,-88.1958,MI
1781,45.990781,-88.210514,MI
1785,46.1592,-88.2353,MI
1786,45.482084,-87.802178,MI
1787,45.3547,-87.6494,MI
1821,46.106278,-88.334531,MI
1842,46.571639,-87.410455,MI
1844,42.2717,-84.9411,MI
1848,45.74123,-87.86278,MI
1852,43.4019,-84.6014,MI
1856,41.9711,-85.5381,MI
1865,46.50625,-84.349267,MI
1871,45.391984,-84.333257,MI
1892,45.8614,-94.3592,MN
1894,46.666768,-92.293897,MN
1895,46.726627,-92.448619,MN
1896,45.975013,-94.369094,MN
1898,46.316033,-94.484944,MN
1899,46.709126,-92.421733,MN
1900,46.305,-94.3775,MN
1902,47.9344,-91.7639,MN
1911,44.982359,-93.254163,MN
1977,44.811685,-95.53455,MN
1998,43.9405,-94.9434,MN
2007,44.212981,-92.480177,MN
2014,48.114262,-96.179176,MN
2022,45.121705,-95.053236,MN
2024,43.63349,-95.609234,MN
2099,37.9385,-92.847701,MO
2106,38.2044,-92.6239,MO
2108,37.520833,-90.834722,MO
2124,37.6936,-93.7691,MO
2166,36.597,-93.3086,MO
2181,47.521331,-111.261442,MT
2182,47.5375,-111.194969,MT
2185,46.765941,-111.887341,MT
2186,46.9915,-112.0047,MT
2188,47.6777,-114.2339,MT
2191,47.581737,-111.060898,MT
2192,45.225741,-109.762489,MT
2193,47.5344,-111.2045,MT
2194,47.569939,-111.122546,MT
2195,47.593155,-115.358237,MT
2199,47.96048,-115.73361,MT
2203,48.341521,-114.01443,MT
2204,45.307406,-107.957515,MT
2227,40.959405,-100.397905,NE
2228,40.6936,-99.8178,NE
2229,40.6839,-99.7447,NE
2260,41.4639,-97.3283,NE
2268,40.703511,-99.100753,NE
2273,41.4872,-97.6078,NE
2274,41.0864,-100.7594,NE
2303,41.68138,-98.36756,NE
2349,44.325053,-72.000975,NH
2351,44.3356,-71.8742,NH
2352,42.77165,-72.5146,VT
2353,43.667927,-72.303642,VT
2354,43.00223,-71.47208,NH
2355,43.597849,-71.717683,NH
2356,43.447219,-71.6579,NH
2357,43.165524,-71.509441,NH
2358,44.408278,-71.195354,NH
2359,43.101699,-71.465662,NH
2360,43.11055,-71.94889,NH
2368,44.469463,-71.178062,NH
2481,41.8217,-74.0497,NY
2483,41.8194,-74.6358,NY
2486,41.848191,-74.046678,NY
2522,44.695,-73.6219,NY
2530,44.6389,-73.7492,NY
2532,44.7053,-73.5967,NY
2540,44.660338,-74.860265,NY
2543,43.019113,-74.741349,NY
2544,43.9275,-75.3331,NY
2545,43.5317,-75.9531,NY
2546,44.000122,-75.813151,NY
2547,44.506474,-74.753442,NY
2548,44.211407,-75.059441,NY
2550,44.7533,-74.2169,NY
2551,44.5839,-74.9583,NY
2552,44.0381,-75.6806,NY
2555,43.909714,-75.200831,NY
2556,44.638365,-75.49052,NY
2557,43.922831,-75.277923,NY
2559,43.927536,-75.288322,NY
2560,43.0092,-74.5372,NY
2561,44.7989,-74.9856,NY
2562,44.527491,-74.849177,NY
2563,44.2217,-75.0742,NY
2564,44.4372,-73.9725,NY
2568,43.2358,-78.3906,NY
2569,43.323441,-76.420841,NY
2571,44.6192,-74.9733,NY
2572,44.0217,-75.6511,NY
2573,44.6172,-75.4042,NY
2574,43.4436,-76.4961,NY
2575,43.9247,-75.3731,NY
2576,44.5306,-74.9331,NY
2578,43.170948,-78.691551,NY
2579,43.061017,-74.764347,NY
2580,42.920374,-73.508886,NY
2581,44.0117,-75.7967,NY
2582,43.524103,-75.970318,NY
2583,44.877326,-74.306288,NY
2586,43.4003,-76.4739,NY
2588,43.8719,-75.1364,NY
2590,44.8053,-74.9975,NY
2591,44.7439,-75.0042,NY
2595,43.3161,-76.4153,NY
2596,43.3156,-76.4172,NY
2597,44.63,-74.8258,NY
2598,44.233419,-74.566217,NY
2599,43.291861,-75.147734,NY
2600,44.5178,-74.8228,NY
2601,44.835,-74.9803,NY
2604,44.2678,-75.1961,NY
2605,42.78498,-73.707983,NY
2606,42.8992,-73.5989,NY
2607,43.096823,-73.582107,NY
2608,43.9775,-75.8942,NY
2609,43.2797,-73.7094,NY
2610,43.9206,-75.2433,NY
2611,44.5133,-74.8831,NY
2612,43.2339,-73.7556,NY
2613,44.4553,-74.7614,NY
2614,43.2978,-73.8853,NY
2616,44.642181,-74.976473,NY
2617,43.927002,-75.321877,NY
2619,43.2758,-75.1567,NY
2621,43.4486,-76.5056,NY
2623,43.3272,-78.2394,NY
2624,44.7661,-74.9997,NY
2627,41.8592,-74.5106,NY
2630,41.537722,-74.771383,NY
2631,41.4625,-74.7578,NY
2634,41.5717,-74.7828,NY
2685,42.8056,-73.72264,NY
2686,42.80746,-73.84269,NY
2691,42.4423,-74.4479,NY
2692,43.142973,-79.021958,NY
2693,43.1427,-79.0394,NY
2694,45.0038,-74.7994,NY
2700,43.975801,-75.874669,NY
2707,34.9833,-79.8775,NC
2710,35.702527,-82.710571,NC
2714,35.206741,-80.06483,NC
2715,35.6946,-83.0503,NC
2719,35.7428,-81.8372,NC
2722,35.4346,-80.9588,NC
2726,35.7575,-81.0894,NC
2728,35.3339,-80.9867,NC
2729,35.8214,-81.1922,NC
2730,35.774234,-81.437773,NC
2735,35.334767,-82.186369,NC
2736,35.245006,-82.389371,NC
2741,35.242677,-83.072007,NC
2743,35.2531,-83.0983,NC
2745,35.2194,-83.3708,NC
2746,35.0647,-83.9258,NC
2747,35.2715,-83.6762,NC
2749,35.2139,-83.0028,NC
2750,35.233988,-83.125398,NC
2751,35.247011,-83.128111,NC
2756,36.499147,-77.811543,NC
2758,36.4789,-77.6722,NC
2773,35.42591,-82.184005,NC
2778,35.019131,-83.791438,NC
2779,35.4507,-83.805,NC
2780,35.150864,-84.177533,NC
2815,47.4945,-101.4115,ND
2854,39.603,-84.2047,OH
2980,36.2317,-95.1822,OK
2981,36.4675,-95.041389,OK
2982,36.264685,-95.103558,OK
2984,36.1508,-96.2517,OK
2985,35.34447,-94.7755,OK
2987,35.5531,-95.1708,OK
3003,35.8693,-95.2269,OK
3004,35.595,-95.0511,OK
3013,45.2439,-116.7008,OR
3014,44.971643,-116.835042,OR
3020,43.251244,-122.337924,OR
3021,43.266894,-122.409807,OR
3024,42.514575,-122.757062,OR
3025,42.224847,-121.795496,OR
3026,43.274221,-122.448978,OR
3028,42.093611,-122.0703,OR
3029,43.3558,-122.2494,OR
3032,42.730717,-122.515122,OR
3033,42.731237,-122.513974,OR
3034,42.730606,-122.41846,OR
3035,42.733073,-122.515079,OR
3036,43.2939,-122.4728,OR
3037,43.3061,-122.5014,OR
3040,43.272729,-122.447498,OR
3041,45.266702,-117.212732,OR
3045,45.268045,-122.32009,OR
3047,45.243287,-122.27995,OR
3048,44.694374,-121.231379,OR
3049,45.299991,-122.350023,OR
3050,44.605837,-121.277334,OR
3053,45.354004,-122.618954,OR
3067,44.285977,-122.041352,OR
3071,44.069636,-122.835046,OR
3074,44.7514,-122.2832,OR
3075,45.6441,-121.941009,OR
3076,44.1307,-122.2439,OR
3077,44.7224,-122.2511,OR
3078,43.9242,-122.8055,OR
3080,44.4494,-122.5494,OR
3081,43.7107,-122.4238,OR
3082,45.71644,-120.69408,OR
3083,43.9153,-122.7531,OR
3084,45.9402,-119.2988,OR
3117,40.113625,-76.71195,PA
3124,41.192088,-79.433501,PA
3145,39.827198,-76.331772,PA
3153,41.467858,-75.130895,PA
3164,39.8076,-76.2993,PA
3175,39.9244,-76.39,PA
3253,34.455514,-82.199339,SC
3255,34.5414,-80.8756,SC
3256,34.5583,-80.8914,SC
3257,34.6,-80.8928,SC
3258,35.1381,-81.5975,SC
3259,34.5592,-80.8917,SC
3261,34.527475,-82.374964,SC
3262,34.9594,-82.9147,SC
3267,34.852224,-82.483959,SC
3270,34.3355,-80.7021,SC
3271,35.0218,-81.0078,SC
3272,35.0314,-81.4936,SC
3275,34.7792,-81.4561,SC
3289,34.6642,-81.4486,SC
3290,34.26132,-81.330852,SC
3293,34.0533,-81.2172,SC
3305,34.2572,-82.6097,SC
3319,33.244404,-79.990909,SC
3321,33.453759,-80.163986,SC
3323,33.6602,-82.1961,SC
3356,44.4504,-100.3866,SD
3373,43.0653,-98.5539,SD
3375,44.0384,-99.4463,SD
3394,35.167712,-84.295601,TN
3395,36.4403,-82.4381,TN
3397,36.168176,-83.49768,TN
3398,35.101791,-85.229467,TN
3400,35.9623,-83.5393,TN
3401,36.4982,-82.5086,TN
3402,35.7917,-84.2431,TN
3404,35.806732,-85.634063,TN
3408,35.8853,-84.3003,TN
3409,35.0017,-85.6218,TN
3411,36.2242,-84.0914,TN
3412,35.0947,-84.6478,TN
3413,35.082271,-84.49115,TN
3414,35.075,-84.4833,TN
3415,35.0683,-88.2494,TN
3416,36.523174,-82.090213,TN
3417,35.1967,-86.2783,TN
3418,36.3413,-82.1264,TN
3420,35.619673,-84.785527,TN
3421,36.341667,-82.126389,TN
3423,36.289539,-85.94416,TN
3424,36.5378,-85.4517,TN
3426,36.2972,-86.6556,TN
3428,36.1564,-86.6186,TN
3437,28.829535,-100.552234,TX
3581,29.593951,-98.040734,TX
3583,29.495193,-97.624948,TX
3585,29.537565,-97.932106,TX
3586,29.548136,-97.999587,TX
3594,30.293424,-97.784408,TX
3595,30.7507,-98.4176,TX
3597,30.556,-98.3384,TX
3598,30.731599,-98.385422,TX
3599,30.555288,-98.257593,TX
3600,30.3899,-97.9073,TX
3643,38.2683,-112.4806,UT
3646,41.834702,-112.052114,UT
3651,40.619173,-111.78208,UT
3656,41.243643,-111.946478,UT
3658,40.544942,-111.502911,UT
3659,40.6236,-111.7533,UT
3661,41.137621,-111.884948,UT
3666,41.501619,-111.99345,UT
3675,41.746364,-111.746023,UT
3676,39.255911,-111.621491,UT
3688,40.167136,-111.499461,UT
3691,40.080042,-111.604846,UT
3697,41.136547,-111.831441,UT
3698,40.7904,-111.4043,UT
3699,37.9858,-111.4383,UT
3704,40.538056,-110.066111,UT
3710,43.381225,-72.598242,VT
3711,44.6356,-73.12,VT
3712,44.6534,-72.9961,VT
3714,43.6368,-72.9758,VT
3716,44.0249,-73.1768,VT
3717,44.641433,-73.113364,VT
3720,44.6381,-73.1625,VT
3722,43.694,-72.955,VT
3724,43.8954,-73.1007,VT
3725,43.898584,-73.053125,VT
3728,44.0661,-73.2158,VT
3731,44.937579,-72.179968,VT
3737,44.4821,-73.1164,VT
3739,44.3606,-72.3356,VT
3740,44.292391,-72.6824,VT
3743,44.4056,-72.1881,VT
3745,43.1375,-72.4464,VT
3746,42.7936,-72.9144,VT
3750,44.999274,-71.530164,VT
3753,44.887379,-72.055357,VT
3762,44.500222,-71.998921,VT
3764,44.561831,-72.602369,VT
3765,44.577553,-72.611861,VT
3772,36.808229,-80.938714,VA
3773,36.7858,-80.9333,VA
3774,37.075,-80.5847,VA
3777,37.0933,-79.4025,VA
3778,37.2544,-79.8756,VA
3779,37.4639,-79.1856,VA
3780,37.0413,-79.5356,VA
3789,38.676667,-78.498888,VA
3790,38.571389,-78.593611,VA
3798,37.592887,-79.380823,VA
3821,37.5736,-79.3715,VA
3825,36.666866,-80.447897,VA
3826,36.664145,-79.883588,VA
3833,36.59943,-78.3005,VA
3847,45.9567,-122.554444,WA
3850,46.060833,-122.201667,WA
3852,45.96277,-122.335467,WA
3854,46.990967,-122.174921,WA
3855,48.5478,-121.7407,WA
3861,48.649,-121.6907,WA
3866,47.821667,-117.916667,WA
3867,47.834444,-117.836111,WA
3868,48.5953,-118.0603,WA
3869,47.769722,-117.537222,WA
3878,46.974912,-122.635795,WA
3883,47.533611,-120.295278,WA
3886,47.9469,-119.8653,WA
3887,46.6451,-119.908,WA
3888,46.8731,-119.9703,WA
3891,48.780856,-117.418337,WA
3895,45.614,-121.1346,OR
3913,46.8016,-122.3102,WA
3914,47.4181,-123.2252,WA
3915,47.3698,-123.1603,WA
3916,46.8328,-122.3196,WA
3917,46.5035,-122.5885,WA
3918,46.5347,-122.4247,WA
3921,47.9951,-119.6404,WA
3925,46.249801,-118.879838,WA
3926,46.5838,-118.0273,WA
3927,46.5635,-118.5397,WA
3929,46.595833,-121.569444,WA
3971,44.4306,-89.7808,WI
3972,44.6647,-89.6511,WI
3973,44.5153,-89.585,WI
3974,44.3939,-89.825,WI
3975,44.4889,-89.5756,WI
3983,45.491667,-91.0469,WI
3986,45.464444,-91.083611,WI
3988,45.411139,-91.218283,WI
3989,46.498333,-90.903889,WI
3995,45.7517,-91.2028,WI
3998,44.9367,-91.8883,WI
4000,44.9308,-91.3889,WI
4002,44.828056,-91.511111,WI
4007,45.223611,-91.127222,WI
4008,45.051,-91.274,WI
4009,44.884167,-91.929444,WI
4011,45.41167,-92.6469,WI
4012,45.94794,-91.888374,WI
4015,44.9378,-91.3406,WI
4018,45.9467,-92.5383,WI
4019,46,-92.3725,WI
4043,44.25393,-88.40956,WI
4044,44.8764,-88.1475,WI
4045,45.8275,-88.2483,WI
4053,43.625845,-89.780764,WI
4056,43.309932,-89.727778,WI
4060,45.1875,-89.7553,WI
4061,45.3569,-88.2306,WI
4063,45.3019,-89.7917,WI
4064,45.5711,-89.4806,WI
4065,45.2794,-88.1997,WI
4067,45.2875,-88.1603,WI
4068,45.1786,-89.685,WI
4071,45.1136,-87.7586,WI
4074,45.2333,-88.0678,WI
4075,45.4411,-89.7306,WI
4077,44.9575,-89.6367,WI
4079,43.8656,-89.9514,WI
4080,44.0572,-90.0217,WI
4102,45.40193,-91.840382,WI
4119,44.279897,-88.25558,WI
4122,44.3164,-88.3147,WI
4142,45.491826,-91.047211,WI
4147,44.8747,-88.1586,WI
4176,42.4766,-106.795901,WY
4177,42.467254,-104.955526,WY
4178,42.289868,-104.760634,WY
4180,42.174301,-106.880543,WY
4182,42.156127,-106.908483,WY
4183,44.502897,-109.181228,WY
4185,42.027013,-110.063973,WY
4201,44.273511,-88.300548,WI
4204,44.418293,-111.395971,ID
4213,45.481708,-122.083188,OR
4214,45.448977,-122.151257,OR
4258,38.6472,-82.8594,OH
4263,40.964828,-111.433937,UT
6006,38.9153,-81.9081,OH
6012,42.7297,-72.9303,MA
6047,42.573084,-72.707274,MA
6083,42.5995,-72.7335,MA
6086,45.164024,-91.157427,WI
6087,33.3502,-83.1574,GA
6100,37.029304,-118.968252,CA
6119,42.6198,-72.7376,MA
6126,34.3061,-81.3308,SC
6128,29.449827,-101.06011,TX
6130,34.6121,-84.6733,GA
6131,32.324242,-86.784319,AL
6132,34.0256,-82.5953,GA
6133,32.918674,-85.1887,GA
6140,39.524791,-91.643969,MO
6141,38.2623,-93.4062,MO
6142,35.4693,-93.8175,AR
6151,35.055795,-85.387934,TN
6158,37.946927,-120.528211,CA
6159,38.510573,-107.625335,CO
6163,47.957511,-118.977323,WA
6167,38.20889,-79.8,VA
6168,38.06,-77.7897,VA
6171,36.9614,-84.27,KY
6172,48.4098,-115.3143,MT
6174,42.6717,-122.6772,OR
6175,46.659503,-117.429385,WA
6188,33.258281,-85.616047,AL
6189,34.355538,-85.303942,GA
6196,34.6853,-118.7881,CA
6200,47.346111,-120.0917,WA
6202,48.732577,-121.06788,WA
6206,37.52372,-107.782786,CO
6207,37.866,-107.8831,CO
6208,39.094197,-106.352331,CO
6231,45.157552,-92.716214,WI
6280,36.658995,-93.1235,MO
6291,60.392331,-149.665603,AK
6302,55.091263,-131.544978,AK
6304,66.837778,-162.556944,AK
6359,43.913476,-111.283319,ID
6378,42.149497,-72.610949,MA
6379,42.160954,-72.507631,MA
6388,42.608042,-72.561458,MA
6393,42.905142,-110.893422,WY
6394,42.728439,-110.916592,WY
6395,43.357066,-115.451517,ID
6396,43.930462,-116.437172,ID
6397,43.537685,-116.093756,ID
6398,42.669899,-113.483175,ID
6400,46.649026,-111.727874,MT
6402,33.153358,-107.191973,NM
6403,42.121168,-122.547896,OR
6404,40.404354,-111.528446,UT
6405,40.914646,-109.421662,UT
6406,46.26678,-119.589821,WA
6407,46.618413,-120.477759,WA
6408,44.513767,-109.129588,WY
6409,42.548412,-106.717536,WY
6410,26.5575,-99.1642,TX
6413,31.060893,-94.1062,TX
6414,31.8694,-97.3667,TX
6415,34.138779,-94.684498,OK
6416,33.8181,-96.5692,TX
6417,36.0972,-85.8274,TN
6418,36.3208,-87.2219,TN
6419,35.3069,-95.3572,OK
6421,43.280611,-122.40248,OR
6422,45.487869,-111.633807,MT
6424,47.8347,-120.0133,WA
6430,47.4193,-121.781858,WA
6431,48.698056,-121.208611,WA
6432,48.713853,-121.131736,WA
6433,48.987111,-117.347847,WA
6438,35.27127,-83.676016,NC
6440,34.79782,-87.62537,AL
6449,34.1548,-117.9093,CA
6450,43.662775,-73.034023,VT
6451,44.0525,-73.1762,VT
6456,43.6262,-73.3073,NY
6459,48.0592,-114.0708,MT
6475,44.489997,-73.169312,VT
6479,34.590183,-118.454676,CA
6480,34.534337,-118.525113,CA
6483,44.2603,-72.0592,NH
6484,44.062326,-121.313331,OR
6486,44.6967,-73.6122,NY
6505,45.122009,-122.06987,OR
6506,48.7339,-116.1752,ID
6513,39.2851,-119.5933,NV
6517,34.7981,-82.8872,SC
6519,44.1664,-73.2575,VT
6520,44.38126,-72.76769,VT
6521,39.4625,-119.0667,NV
6522,41.0006,-75.0314,NJ
6526,44.5236,-73.4617,NY
6527,43.318906,-73.920785,NY
6529,42.87084,-72.92732,VT
6531,39.3125,-119.585,NV
6532,39.3022,-119.5604,NV
6537,40.584985,-111.800605,UT
6543,39.493056,-77.826944,WV
6544,39.605,-77.923055,WV
6546,39.273056,-77.784444,WV
6552,44.4146,-122.6712,OR
6560,38.1944,-81.3706,WV
6561,38.2526,-81.5695,WV
6562,38.5274,-81.91392,WV
6580,55.37975,-131.470269,AK
6581,55.381402,-131.517758,AK
6595,31.173484,-93.565877,TX
6612,38.86429,-120.444335,CA
6618,44.933611,-73.051111,VT
6623,48.0122,-106.4123,MT
6624,42.848829,-97.481479,NE
6636,39.720278,-79.856111,PA
6644,33.8553,-117.4537,CA
6645,34.5148,-118.6092,CA
6646,34.1275,-117.7958,CA
6789,33.4261,-79.93,SC
7012,43.468679,-112.062499,ID
7015,39.544108,-111.418727,UT
7034,41.743728,-111.783169,UT
7040,35.351361,-94.294349,AR
7042,60.612822,-145.679411,AK
7051,44.309693,-72.575305,VT
7056,44.359381,-72.81673,VT
7066,39.470447,-120.10455,CA
7072,34.307444,-117.323548,CA
7079,42.766397,-114.908236,ID
7113,47.159553,-119.896306,WA
7115,46.5628,-87.5686,MI
7116,46.5717,-87.4764,MI
7118,46.3156,-87.5128,MI
7125,35.0075,-82.9975,SC
7127,47.385072,-123.605225,WA
7128,40.432915,-78.002887,PA
7129,39.528749,-121.546359,CA
7132,41.254331,-111.848525,UT
7135,35.127591,-92.790273,AR
7147,34.088019,-117.039539,CA
7151,39.586864,-122.533248,CA
7164,33.8447,-112.2714,AZ
7166,34.7956,-92.3569,AR
7168,55.116879,-131.545879,AK
7179,34.168264,-114.277356,AZ
7183,59.899054,-154.698735,AK
7189,40.597617,-122.538683,CA
7190,42.526786,-114.036889,ID
7191,33.989153,-83.498448,GA
7229,39.814905,-122.332335,CA
7233,38.973655,-104.901141,CO
7246,33.986501,-91.315788,AR
7259,46.7844,-122.7197,WA
7317,44.508169,-109.170661,WY
7338,39.889287,-121.279173,CA
7367,59.77862,-150.94015,AK
7368,38.752,-122.7195,CA
7369,38.7492,-122.7117,CA
7372,37.57522,-108.574002,CO
7373,37.429538,-108.574871,CO
7381,42.8625,-72.9628,VT
7427,46.4661,-122.1097,WA
7431,45.614375,-121.136885,OR
7458,39.363056,-106.821944,CO
7474,41.787115,-89.677526,IL
7489,39.197222,-123.185556,CA
7501,42.4789,-71.9,MA
7507,39.53,-121.095833,CA
7508,45.081111,-121.886611,OR
7511,45.940034,-119.299078,WA
7526,38.116415,-121.769031,CA
7541,44.512699,-109.129878,WY
7545,36.6994,-96.9278,OK
7548,41.297229,-111.588849,UT
7583,44.3083,-75.3083,NY
7588,47.9084,-121.8144,WA
7593,36.592775,-106.73213,NM
7594,39.1192,-81.7375,WV
7646,38.513056,-122.104444,CA
7657,41.237206,-84.399756,OH
7751,59.5357,-135.2123,AK
7752,55.476472,-133.14772,AK
7789,36.239886,-106.423043,NM
7807,39.4128,-84.5558,OH
7820,45.7881,-88.0408,MI
7821,45.7883,-88.0415,MI
7822,44.274582,-88.319074,WI
7855,46.895,-96.7347,MN
7862,60.588686,-145.604539,AK
7886,44.6694,-87.6333,WI
7907,36.8326,-119.327,CA
7927,36.120994,-84.338733,TN
7936,46.0958,-119.0964,WA
7942,33.6808,-117.0698,CA
7965,40.9044,-96.6231,NE
7966,43.034722,-94.140556,IA
7974,43.848529,-99.24757,SD
8004,42.685681,-72.977634,MA
8005,42.6839,-72.9599,MA
8223,34.3186,-109.1639,AZ
8225,41.8389,-79.0056,PA
8902,36.01551,-114.738006,AZ
9095,47.653611,-117.420556,WA
9096,47.654444,-117.418889,WA
9864,42.2,-72.61,MA
10014,43.528,-116.0583,ID
10018,39.753999,-118.953497,NV
10025,43.1989,-77.6319,NY
10036,43.11391,-71.894001,NH
10063,41.324308,-73.102111,CT
10066,44.5467,-69.6292,ME
10070,39.4588,-105.0657,CO
10081,39.4326,-105.1263,CO
10109,43.446107,-71.644646,NH
10116,44.296544,-75.36645,NY
10121,33.816547,-83.504932,GA
10124,44.296453,-75.336142,NY
10128,40.37,-123.4347,CA
10137,43.6411,-72.4061,VT
10138,45.206341,-109.1652,MT
10139,35.64414,-118.48199,CA
10140,44.027444,-112.719439,ID
10152,40.540042,-78.034628,PA
10155,37.220833,-77.524504,VA
10162,33.934725,-116.640548,CA
10173,35.0642,-81.5458,SC
10181,35.6497,-82.5992,NC
10183,42.750278,-71.505278,NH
10186,44.7975,-69.8867,ME
10191,35.060556,-118.389722,CA
10196,43.610664,-75.341325,NY
10197,44.158611,-75.708778,NY
10214,44.6694,-73.5075,NY
10218,43.4833,-73.7986,NY
10219,43.098711,-73.525271,NY
10220,44.685589,-75.002868,NY
10221,42.781779,-73.696096,NY
10222,36.058635,-118.924097,CA
10237,44.151944,-75.321725,NY
10238,43.090635,-74.766961,NY
10253,39.565677,-120.581684,CA
10255,45.2497,-68.6483,ME
10258,35.9483,-79.3244,NC
10279,38.974022,-95.235078,KS
10282,40.646733,-123.498008,CA
10285,40.733545,-80.314795,PA
10286,42.451922,-76.485092,NY
10287,40.5547,-116.6175,NV
10296,42.4937,-114.3102,ID
10323,45.66523,-121.523761,OR
10324,45.66764,-121.548455,OR
10325,42.260844,-111.665589,ID
10412,21.936075,-159.528581,HI
10413,22.196292,-159.556142,HI
10421,39.6208,-106.0662,CO
10422,40.035,-106.2053,CO
10423,39.4616,-105.677,CO
10424,39.9456,-105.3565,CO
10446,35.033,-117.338,CA
10453,45.888333,-91.076944,WI
10458,40.976389,-121.255833,CA
10467,42.787575,-73.691676,NY
10479,37.6455,-118.9096,CA
10480,37.6451,-118.9143,CA
10481,37.6464,-118.9092,CA
10487,48.608054,-93.404313,MN
10493,44.5486,-70.6283,ME
10494,44.9108,-72.9736,VT
10520,41.387792,-88.789656,IL
10523,44.580175,-69.55452,ME
10526,44.2081,-72.0581,NH
10530,43.289874,-73.665834,NY
10531,43.9767,-75.9072,NY
10538,44.003984,-76.041277,NY
10539,44.21742,-75.795173,NY
10540,43.978626,-75.886102,NY
10544,44.311681,-75.444992,NY
10545,43.899745,-75.660268,NY
10546,40.744105,-80.317839,PA
10547,44.522043,-75.188108,NY
10550,35.394254,-81.201002,NC
10555,45.6603,-69.812168,ME
10556,42.652454,-71.322383,MA
10570,44.786648,-71.12433,NH
10586,35.075,-118.3158,CA
10597,35.0697,-118.3167,CA
10608,44.4122,-71.7228,VT
10613,45.1554,-67.4012,ME
10631,33.1779,-115.565,CA
10632,33.1646,-115.616,CA
10634,33.1777,-115.6033,CA
10656,41.8203,-86.2592,MI
10686,47.234825,-93.537169,MN
10687,43.591246,-75.344207,NY
10694,42.668889,-71.575556,MA
10706,40.8579,-121.7225,CA
10707,40.8713,-121.9487,CA
10708,40.7576,-121.4145,CA
10709,40.4579,-121.8427,CA
10718,33.92194,-116.56222,CA
10728,44.0867,-70.2297,ME
10735,43.561001,-116.121269,ID
10737,42.50136,-120.98944,OR
10740,43.2547,-114.3569,ID
10752,43.849029,-73.420701,NY
10753,43.843869,-73.431207,NY
10759,33.158153,-115.638656,CA
10763,32.7757,-115.2637,CA
10781,42.945664,-114.795698,ID
10787,34.702021,-82.462102,SC
10798,36.715103,-80.985621,VA
10799,34.642371,-82.45444,SC
10800,34.616522,-82.447913,SC
10801,34.404006,-82.233581,SC
10806,42.622513,-114.50093,ID
10807,42.836046,-114.267952,ID
10808,42.47711,-114.380118,ID
10809,42.620724,-114.531489,ID
10817,43.583611,-75.339167,NY
10824,42.38697,-71.802462,MA
10825,42.40439,-71.687218,MA
10848,41.55998,-74.195154,NY
10853,43.096677,-73.460172,NY
10873,36.0372,-117.7981,CA
10874,36.0192,-117.7917,CA
10875,36.0019,-117.7886,CA
10878,33.158,-115.6475,CA
10879,33.1589,-115.6455,CA
10880,40.8014,-121.4481,CA
10881,40.882061,-121.948353,CA
10882,40.874144,-121.920428,CA
10902,42.9197,-76.5477,NY
10903,41.5697,-88.0789,IL
50010,38.1483,-81.2147,WV
50011,38.1478,-81.1753,WV
50034,42.9044,-73.5625,NY
50036,39.6672,-80.8642,WV
50037,35.43,-118.8222,CA
50047,44.503704,-70.220971,ME
50066,38.7879,-122.7434,CA
50079,42.502473,-74.98356,NY
50080,44.477807,-70.200759,ME
50081,44.503431,-70.249137,ME
50082,44.470511,-70.187333,ME
50091,48.947741,-117.795376,WA
50093,44.909915,-74.085798,NY
50103,43.128712,-71.459866,NH
50123,42.712356,-73.957324,NY
50126,43.5933,-72.3506,VT
50129,39.0788,-122.535556,CA
50156,40.534454,-121.959109,CA
50175,36.696,-77.56,VA
50176,44.510739,-73.913079,NY
50177,42.014467,-71.5444,RI
50178,36.7817,-78.9236,VA
50179,41.2792,-122.3292,CA
50180,40.63722,-121.92805,CA
50190,44.8867,-89.6272,WI
50206,37.377715,-107.578745,CO
50210,33.1633,-115.6167,CA
50218,37.860653,-120.879153,CA
50219,37.830378,-120.806972,CA
50223,41.028893,-121.892351,CA
50228,47.7197,-122.9431,WA
50233,34.124171,-117.805091,CA
50261,39.463569,-119.065227,NV
50267,39.067347,-108.592791,CO
50268,44.705167,-75.007933,NY
50269,44.714518,-74.996581,NY
50278,43.994729,-70.061921,ME
50280,43.1033,-73.5369,NY
50281,33.926111,-116.615,CA
50312,43.130362,-71.453632,NH
50315,44.9318,-74.1125,NY
50322,37.056803,-119.899706,CA
50324,43.59,-71.73295,NH
50333,21.9178,-159.6294,HI
50350,39.869284,-121.631865,CA
50351,43.27456,-71.604027,NH
50352,35.798576,-120.883331,CA
50353,43.285761,-71.594962,NH
50354,43.1853,-75.0169,NY
50360,43.771896,-117.155023,OR
50361,43.641603,-117.24374,OR
50362,43.642023,-117.232674,OR
50375,34.2619,-118.6242,CA
50380,47.6822,-117.3319,WA
50382,46.088333,-118.254722,WA
50384,43.0168,-71.5679,NH
50393,36.997694,-119.703451,CA
50395,44.3142,-89.8964,WI
50400,38.1861,-120.15,CA
50408,45.1058,-87.6514,WI
50409,45.1069,-87.6378,MI
50414,43.283208,-71.600827,NH
50416,43.98,-75.6131,NY
50421,46.596413,-120.677489,WA
50423,46.692628,-120.737194,WA
50433,42.950642,-85.485944,MI
50435,39.252672,-106.374808,CO
50436,42.909408,-85.49888,MI
50437,42.214264,-83.440692,MI
50439,44.8719,-88.1439,WI
50447,43.684857,-70.353152,ME
50461,45.637537,-84.481387,MI
50476,45.4431,-89.7342,WI
50479,37.534,-79.357,VA
50492,32.679172,-117.246698,CA
50512,44.000608,-75.961156,NY
50513,43.897386,-75.04,NY
50514,43.160868,-73.584076,NY
50532,35.0686,-118.3833,CA
50539,44.1706,-72.0994,VT
50545,42.6994,-71.1653,MA
50546,39.448352,-120.653417,CA
50552,33.914986,-116.71026,CA
50553,33.881667,-116.460278,CA
50614,44.7881,-89.6917,WI
50636,46.3758,-94.1817,MN
50639,46.7243,-92.4298,MN
50652,43.618874,-75.30546,NY
50654,39.37,-119.766944,NV
50688,44.221796,-69.785675,ME
50690,33.934,-116.5781,CA
50699,45.1868,-68.4649,ME
50702,43.226977,-70.810888,ME
50704,43.251111,-70.840833,NH
50713,44.0703,-73.1961,VT
50718,42.954384,-114.462563,ID
50741,44.632842,-71.24742,NH
50754,35.043889,-118.276388,CA
50755,38.149582,-120.814942,CA
50758,43.957448,-70.024158,ME
50759,43.98289,-75.620583,NY
50765,39.547537,-118.555613,NV
50766,32.8156,-115.2568,CA
50768,43.442468,-75.215946,NY
50821,35.045,-118.2642,CA
50827,47.444554,-121.687812,WA
50832,42.159595,-72.58279,MA
50891,45.217784,-116.31577,ID
50892,38.78342,-120.778506,CA
50893,40.682875,-79.665298,PA
50894,40.716389,-79.577222,PA
50895,42.560876,-114.057461,ID
50896,42.586701,-114.067537,ID
50897,40.896596,-79.478982,PA
50898,40.955961,-79.550681,PA
50917,45.480701,-121.59984,OR
50933,45.6394,-89.4205,WI
50938,42.8489,-123.1778,OR
50961,40.976859,-122.456251,CA
50964,40.300833,-120.105,CA
50972,42.625972,-112.149344,ID
50980,44.033022,-121.3297,OR
50987,42.632483,-114.538769,ID
50999,44.9439,-70.9975,ME
51033,41.859601,-74.510259,NY
51034,43.040335,-74.850621,NY
52015,39.9663,-117.8557,NV
52028,19.478976,-154.888362,HI
52036,39.801637,-79.368214,PA
52039,37.1854,-113.3583,UT
52049,34.9953,-81.8344,SC
52058,44.704089,-75.487049,NY
52068,40.915319,-74.180986,NJ
52142,35.0506,-118.2572,CA
52155,44.597518,-122.685441,OR
52158,38.8339,-122.881,CA
52162,35.095797,-118.324772,CA
52163,35.102577,-118.332533,CA
52166,42.1569,-72.4227,MA
52171,44.08687,-70.229294,ME
52173,40.46439,-79.365703,PA
52187,44.396815,-122.350246,OR
54006,46.12061,-111.407656,MT
54017,34.204311,-117.855714,CA
54103,44.3364,-89.8672,WI
54111,32.7144,-115.5356,CA
54123,44.111236,-70.390673,ME
54124,44.721371,-69.411992,ME
54134,45.647179,-68.704368,ME
54142,39.6419,-104.9138,CO
54148,44.563031,-69.619162,ME
54249,48.959547,-116.557375,ID
54251,44.49004,-121.298812,OR
54261,38.722141,-123.011188,CA
54267,48.680178,-121.723294,WA
54283,35.484488,-94.392858,AR
54285,44.760249,-92.867743,MN
54298,35.0583,-118.3417,CA
54299,35.075,-118.3417,CA
54300,35.0583,-118.3083,CA
54302,41.988611,-73.0194,CT
54306,42.628889,-114.174722,ID
54308,40.199822,-123.523145,CA
54322,33.487881,-81.99252,GA
54340,45.1025,-83.5189,MI
54341,45.0933,-83.5025,MI
54342,45.0717,-83.4381,MI
54343,36.4156,-119.0069,CA
54355,44.49,-73.1875,VT
54384,43.1897,-71.7483,NH
54385,41.3686,-73.0856,CT
54386,43.425228,-114.025597,ID
54387,47.43348,-121.6483,WA
54391,44.519153,-73.464752,NY
54394,44.027444,-112.719439,ID
54395,42.937465,-73.654393,NY
54418,43.236111,-70.817222,NH
54453,38.1167,-121.8333,CA
54454,33.918395,-116.573906,CA
54462,33.477027,-81.982732,GA
54471,43.633373,-72.317162,NH
54514,42.69984,-114.822603,ID
54524,43.904085,-116.244193,ID
54525,41.1128,-87.8681,IL
54548,43.980806,-75.624677,NY
54554,38.3914,-120.0008,CA
54555,38.144636,-120.380497,CA
54558,42.6051,-114.093,ID
54569,39.909424,-74.178041,NJ
54572,43.473238,-71.533623,NH
54573,41.598395,-73.922036,NY
54580,43.2469,-73.8281,NY
54639,44.3889,-71.1645,NH
54647,35.05,-118.2572,CA
54654,40.0941,-123.508983,CA
54655,36.576778,-79.432503,VA
54665,39.395603,-119.746762,NV
54666,39.394444,-119.7475,NV
54668,44.0597,-111.3535,ID
54674,46.383828,-115.949338,ID
54675,35.1103,-81.9675,SC
54678,31.088011,-91.618853,LA
54679,40.0111,-105.3347,CO
54680,40.0111,-105.3347,CO
54689,32.7146,-115.518,CA
54721,44.724242,-121.247729,OR
54724,32.7881,-115.2481,CA
54729,40.106269,-108.711161,CO
54750,35.0663,-118.339444,CA
54772,43.304413,-73.63993,NY
54793,42.6878,-95.405,IA
54801,36.423715,-79.952494,NC
54812,42.740139,-114.161173,ID
54827,19.712994,-155.14857,HI
54860,47.549652,-121.710517,WA
54865,43.227058,-76.302137,NY
54878,44.336358,-75.50274,NY
54894,35.4189,-80.0917,NC
54895,35.3944,-80.0753,NC
54896,35.6008,-80.2339,NC
54897,35.4856,-80.1758,NC
54898,35.4475,-83.863889,NC
54899,35.4478,-83.9383,NC
54900,35.4923,-83.9806,TN
54901,35.5453,-84.0503,TN
54909,35.1061,-118.3114,CA
54931,35.074,-118.3153,CA
54953,43.2958,-73.5956,NY
54969,41.845306,-89.481286,IL
54979,32.2075,-101.388333,TX
54996,33.157,-115.6386,CA
55009,40.846806,-121.956446,CA
55125,45.936157,-118.65999,OR
55208,44.2917,-96.375,MN
55265,44.129369,-96.116971,MN
55287,42.8417,-95.405,IA
55288,45.6072,-68.5453,ME
55342,43.985833,-96.078611,MN
55353,44.39956,-96.428367,MN
55354,44.421711,-96.434694,MN
55368,42.678819,-78.243792,NY
55396,33.9014,-116.7167,CA
55560,46.06,-118.917,WA
55561,44.42,-96.4347,MN
55562,44.4289,-96.4358,MN
55563,44.4231,-96.4458,MN
55564,44.4278,-96.43,MN
55565,44.4233,-96.4411,MN
55566,44.4131,-96.4325,MN
55567,44.2081,-96.1989,MN
55568,44.2258,-96.2789,MN
55569,44.2358,-96.2383,MN
55570,44.2364,-96.2331,MN
55571,44.2128,-96.2131,MN
55572,44.2275,-96.2192,MN
55573,44.2253,-96.235,MN
55574,44.2297,-96.225,MN
55576,47.0053,-96.4356,MN
55579,35.4677,-101.2533,TX
55581,31.2092,-102.2417,TX
55607,41.6283,-106.2013,WY
55684,45.8683,-90.5844,WI
55685,45.913526,-90.44746,WI
55734,37.613256,-100.378197,KS
55739,45.2766,-120.2794,OR
55740,41.7172,-106.1077,WY
55741,40.945911,-103.162028,CO
55742,42.9625,-90.386667,WI
55747,30.931467,-102.201433,TX
55769,42.894722,-75.451666,NY
55782,43.754739,-95.853447,MN
55790,42.988989,-75.762536,NY
55795,30.9514,-102.414067,TX
55796,30.9514,-102.414067,TX
55803,39.979167,-79.012778,PA
55804,43.3833,-93.4167,IA
55805,39.913408,-79.393644,PA
55809,44.0119,-96.1125,MN
55816,43.047222,-93.4775,IA
55860,41.798656,-71.886759,CT
55864,20.8886,-156.3569,HI
55871,45.5563,-120.5507,OR
55931,39.991311,-105.50003,CO
55944,45.7644,-84.7381,MI
55968,32.4301,-100.235652,TX
55983,33.1533,-115.6384,CA
55984,33.1669,-115.5114,CA
55986,39.1828,-79.5372,WV
55989,46.01279,-118.816246,OR
55991,39.796032,-119.010013,NV
55992,30.9178,-102.0867,TX
55995,48.021271,-101.280517,ND
56001,41.5533,-75.4542,PA
56002,43.5564,-96.303611,MN
56010,43.052758,-93.629956,IA
56011,33.9172,-116.735,CA
56012,33.925,-116.617778,CA
56052,39.790739,-79.002047,PA
56054,43.978486,-92.851078,MN
56075,38.1381,-121.8053,CA
56081,34.850781,-98.577311,OK
56092,44.5492,-99.5,SD
56093,41.2874,-110.5556,WY
56094,36.603967,-99.340047,OK
56097,34.63566,-104.04733,NM
56099,46.327169,-98.898356,ND
56111,32.94793,-101.147784,TX
56112,33.9141,-116.5914,CA
56125,34.2253,-119.0858,CA
56160,41.7194,-89.0492,IL
56162,42.4489,-99.8917,NE
56172,43.3897,-95.2997,IA
56173,37.7033,-102.6231,CO
56174,44.0667,-96.0667,MN
56195,45.943,-118.591,OR
56199,43.9897,-96.2236,MN
56200,43.9931,-96.2186,MN
56201,43.984444,-96.219444,MN
56202,43.980278,-96.223333,MN
56203,43.988611,-96.215556,MN
56204,44.0364,-96.0736,MN
56205,44.0236,-96.0789,MN
56206,44.0197,-96.1183,MN
56207,43.651389,-95.368611,MN
56208,43.651389,-95.3825,MN
56209,44.05,-96.0933,MN
56210,43.651389,-95.3755,MN
56211,32.3606,-100.3389,TX
56212,32.3472,-100.3703,TX
56215,43.4,-95.6333,IA
56225,36.4725,-101.3278,TX
56226,41.3786,-83.7383,OH
56228,34.6584,-112.4008,AZ
56240,32.311556,-100.061589,TX
56251,42.5539,-95.3283,IA
56252,42.5644,-93.6369,IA
56255,46.4211,-117.8331,WA
56265,55.563333,-132.891111,AK
56270,32.303889,-100.021667,TX
56271,37.763653,-121.614392,CA
56273,35.5094,-98.7346,OK
56275,35.0925,-118.3952,CA
56290,43.7853,-75.5753,NY
56291,32.214024,-100.05712,TX
56293,34.980556,-103.353889,NM
56295,32.705556,-116.3425,CA
56296,43.7938,-94.8499,MN
56297,41.25,-89.5708,IL
56299,41.235278,-75.753056,PA
56300,39.382222,-74.4475,NJ
56301,43.4195,-111.8294,ID
56302,35.06094,-118.292406,CA
56303,37.5797,-96.5503,KS
56304,33.9716,-103.8604,NM
56307,43.554778,-92.724139,MN
56308,42.858056,-114.949444,ID
56311,32.290833,-100.4219,TX
56317,42.099417,-113.38245,ID
56320,40.983,-102.9647,CO
56321,39.390843,-119.754593,NV
56322,47.036269,-120.206494,WA
56333,38.21921,-80.89061,WV
56335,34.8661,-98.6056,OK
56336,34.8147,-105.0108,NM
56337,32.3122,-100.5303,TX
56338,40.4792,-88.7989,IL
56347,43.692647,-88.329742,WI
56351,37.8641,-99.7528,KS
56355,42.630513,-93.206389,IA
56357,47.1167,-100.7333,ND
56359,45.571,-120.593,OR
56360,45.652457,-120.209783,OR
56361,45.8877,-120.2896,WA
56362,38.12,-121.85,CA
56369,39.85,-79.138,PA
56371,40.8944,-104.0206,CO
56372,32.236944,-100.4833,TX
56376,39.6189,-90.8461,IL
56377,46.5725,-109.7531,MT
56378,18.9742,-155.6914,HI
56379,42.1169,-95.1292,IA
56380,36.637733,-99.601869,OK
56383,43.3608,-93.2978,IA
56386,43.3597,-93.3208,IA
56391,43.8794,-88.2708,WI
56392,47.152847,-101.197716,ND
56394,32.039,-101.22,TX
56395,32.6256,-99.4928,TX
56399,43.233,-72.1455,NH
56405,35.799798,-114.98173,NV
56408,41.3017,-89.6236,IL
56409,44.0256,-96.4303,MN
56410,44.0247,-96.4369,MN
56411,44.015,-96.4367,MN
56412,44.0211,-96.4406,MN
56413,44.0208,-96.4331,MN
56416,43.7092,-82.9633,MI
56424,43.61407,-92.59882,MN
56432,35.291944,-102.303056,TX
56433,35.248006,-118.175356,CA
56434,42.490341,-113.926605,ID
56435,42.436804,-113.925536,ID
56437,42.460629,-114.017297,ID
56439,42.840556,-114.989722,ID
56440,42.7975,-114.998611,ID
56441,42.681944,-114.989167,ID
56442,42.870278,-114.967778,ID
56443,42.836854,-114.969342,ID
56446,37.805,-121.6672,CA
56448,46.54422,-67.8111,ME
56449,20.81421,-156.551,HI
56450,41.643611,-89.173056,IL
56451,40.383889,-78.579444,PA
56457,32.92544,-101.219397,TX
56459,44.2667,-96.3444,SD
56460,37.6735,-102.8622,CO
56466,46.3747,-117.7772,WA
56468,45.5836,-120.5042,OR
56470,40.855,-76.1292,PA
56479,31.991442,-101.302637,TX
56481,37.690304,-105.880501,CO
56483,32.5144,-99.6564,TX
56484,32.318221,-100.176986,TX
56485,45.653745,-120.603414,OR
56487,45.815467,-120.341883,WA
56488,38.879936,-98.160159,KS
56493,36.127092,-84.344168,TN
56494,43.6861,-92.6272,MN
56495,39.2175,-79.2094,WV
56498,43.460012,-116.47254,ID
56499,48.318,-111.1018,MT
56500,39.5603,-119.5108,NV
56501,42.5842,-94.7467,IA
56506,32.7204,-100.9952,TX
56536,40.4535,-95.4683,MO
56537,40.2572,-94.6722,MO
56538,40.4144,-95.54,MO
56540,39.373189,-119.764507,NV
56541,39.388722,-119.748908,NV
56542,59.4072,-135.3408,AK
56543,43.9358,-95.9222,MN
56544,43.9578,-95.1306,MN
56555,40.1006,-94.4869,MO
56560,36.4144,-101.3864,TX
56561,36.4453,-101.8761,TX
56562,36.4669,-101.8222,TX
56563,40.986,-103.436,CO
56568,36.260278,-115.0544,NV
56570,35.1161,-118.3789,CA
56573,47.152847,-101.197716,ND
56575,42.8167,-78.8675,NY
56577,44.1508,-96.1361,MN
56580,43.6558,-94.1536,MN
56581,43.6558,-94.1564,MN
56586,43.5811,-95.78,MN
56587,43.5833,-95.7781,MN
56588,43.586111,-95.776111,MN
56589,43.581111,-95.775833,MN
56590,43.586111,-95.780278,MN
56591,47.4983,-111.4392,MT
56592,32.3983,-100.6481,TX
56593,32.4694,-100.6664,TX
56594,42.9086,-75.5697,NY
56605,48.63,-98.315,ND
56607,47.933621,-101.269189,ND
56608,43.886389,-98.7875,SD
56613,40.941,-103.259,CO
56614,40.4792,-88.7989,IL
56617,43.852778,-96.018333,MN
56618,44.8914,-74.0061,NY
56619,44.8914,-74.0061,NY
56620,42.5367,-78.3047,NY
56621,36.640278,-99.500556,OK
56622,41.2294,-89.5572,IL
56623,45.085221,-117.816273,OR
56626,43.6181,-95.4172,MN
56630,47.5747,-92.5917,MN
56633,42.5456,-77.4967,NY
56634,42.45,-77.52,NY
56635,43.83,-83.2064,MI
56636,43.0272,-115.4656,ID
56637,43.0536,-115.4803,ID
56638,32.2878,-100.1,TX
56640,41.090583,-89.639811,IL
56644,32.2353,-101.8367,TX
56645,43.4303,-95.4167,IA
56647,43.400278,-88.481111,WI
56648,35.3919,-101.53,TX
56649,32.4081,-100.1286,TX
56650,44.0025,-98.590833,SD
56651,40.4381,-78.5436,PA
56654,40.8981,-121.8036,CA
56659,43.663056,-82.746944,MI
56661,27.0011,-97.5994,TX
56666,45.781825,-120.521151,WA
56669,45.959325,-98.946325,ND
56670,48.083625,-100.9215,ND
56673,34.105,-101.0986,TX
56677,43.0003,-92.62,IA
56679,40.695,-87.4886,IN
56694,46.7392,-119.1122,WA
56695,47.5025,-119.2917,WA
56696,46.378381,-119.254522,WA
56697,46.378469,-119.254443,WA
56698,47.6164,-119.2992,WA
56699,40.0853,-78.8633,PA
56700,39.8794,-78.9183,PA
56702,45.8797,-120.8072,WA
56703,43.61863,-75.358577,NY
56704,43.612619,-75.339072,NY
56705,43.614218,-75.332705,NY
56750,44.057778,-95.2525,MN
56751,40.071389,-111.582222,UT
56752,41.288056,-110.480741,WY
56753,41.263889,-110.544444,WY
56754,31.951944,-100.791389,TX
56755,43.8953,-94.9142,MN
56763,31.951958,-101.018936,TX
56764,43.315,-93.77,IA
56765,43.393,-93.091,IA
56767,40.575,-95.5228,MO
56768,36.7575,-120.3658,CA
56770,40.8411,-76.1547,PA
56771,32.338659,-98.476051,TX
56773,33.752201,-100.967402,TX
56774,32.1981,-100.2686,TX
56775,32.718056,-100.793333,TX
56777,40.583889,-87.3336,IN
56782,46.2753,-104.1836,MT
56783,32.1408,-101.3986,TX
56784,39.4375,-97.6644,KS
56789,45.7119,-120.125,OR
56790,45.52,-120.5744,OR
56791,33.9393,-116.5527,CA
56792,44.4328,-96.4779,SD
56793,43.7542,-94.9497,MN
56794,44.1238,-96.0784,MN
56795,27.022112,-97.498478,TX
56797,43.4839,-92.6131,IA
56800,42.261111,-70.856389,MA
56804,35.535,-99.3828,OK
56805,42.451481,-89.878428,IL
56809,42.1622,-94.93,IA
56810,41.4236,-94.665,IA
56811,41.4517,-95.2383,IA
56813,36.809841,-119.741665,CA
56815,39.836789,-104.697149,CO
56818,38.503167,-101.161472,KS
56819,37.369167,-98.460278,KS
56823,32.7683,-99.4228,TX
56824,44.3236,-95.8222,MN
56825,44.3211,-95.7942,MN
56826,44.3361,-95.8242,MN
56827,44.3303,-95.8344,MN
56828,44.3308,-95.8297,MN
56829,45.3853,-70.5258,ME
56831,43.397778,-92.473611,IA
56832,33.0139,-115.5439,CA
56835,35.8119,-101.9789,TX
56836,35.8081,-101.9986,TX
56837,35.9614,-101.8033,TX
56838,36.0075,-101.8614,TX
56839,36.0264,-101.9,TX
56840,44.3253,-95.8142,MN
56841,43.0181,-105.835278,WY
56842,43.0572,-105.8543,WY
56843,41.9203,-106.3758,WY
56854,45.675804,-120.31832,OR
56855,45.7167,-120.2008,OR
56856,40.3692,-89.4022,IL
56858,47.1356,-120.6872,WA
56859,43.0475,-94.9228,IA
56860,42.0822,-94.365,IA
56862,34.5644,-117.6933,CA
56874,38.1711,-121.8461,CA
56876,43.8006,-92.6822,MN
56877,40.573708,-74.394414,NJ
56878,40.7178,-87.2631,IN
56879,37.3764,-98.4583,KS
56883,39.9894,-75.04,NJ
56889,40.727386,-74.3783,NJ
56900,39.3639,-74.4408,NJ
56901,44.8216,-73.6509,NY
56902,42.6697,-78.2278,NY
56904,44.8917,-74.0299,NY
56905,36.4964,-101.3917,TX
56909,36.806476,-121.7745,CA
56912,48.6292,-98.3164,ND
56913,43.4303,-95.4167,IA
56915,35.8136,-78.7503,NC
56919,47.1294,-97.8853,ND
56920,32.100823,-101.451385,TX
56921,31.9361,-101.2983,TX
56923,43.2125,-93.8311,IA
56924,42.1044,-93.2722,IA
56925,43.273731,-93.800002,IA
56929,27.3232,-81.8019,FL
56930,28.4586,-80.6811,FL
56933,45.6758,-119.9375,OR
56934,42.8444,-115.0369,ID
56935,42.8744,-115.0172,ID
56936,43.308505,-73.636584,NY
56938,34.2867,-77.9814,NC
56939,33.5917,-114.7444,CA
56941,41.2269,-88.6836,IL
56942,43.6161,-88.4969,WI
56944,35.7881,-114.9933,NV
56945,34.466667,-105.9625,NM
56946,36.7767,-99.6353,OK
56947,42.6978,-97.6189,NE
56952,45.6533,-119.9914,OR
56953,42.7794,-78.4269,NY
56956,32.929014,-101.578617,TX
56959,32.1217,-101.3853,TX
56960,41.139722,-104.997778,WY
56961,31.995,-102.828333,TX
56966,35.9222,-77.6731,NC
56967,45.7017,-119.4222,OR
56968,45.655,-119.4647,OR
56969,45.7286,-119.4181,OR
56970,45.6447,-119.4533,OR
56971,45.7122,-119.4044,OR
56972,45.6542,-119.4869,OR
56973,45.6447,-119.4767,OR
56974,45.6531,-119.4625,OR
56975,45.6967,-119.4097,OR
56979,31.9925,-101.1167,TX
56980,40.0311,-78.8153,PA
56981,32.5886,-100.6728,TX
56982,40.9961,-118.1414,NV
56983,27.9386,-97.4586,TX
56984,32.4969,-100.5797,TX
56985,38.892653,-98.168876,KS
56989,45.4822,-67.9944,ME
56990,45.34598,-68.3802,ME
56991,45.61498,-67.971,ME
56993,40.1483,-74.7772,PA
56994,43.7189,-92.705,MN
56996,33.985244,-117.700826,CA
56997,43.595,-115.9233,ID
57004,33.8672,-117.23,CA
57005,38.40008,-121.96366,CA
57006,38.674894,-121.713362,CA
57007,33.567268,-114.917979,CA
57008,34.2089,-119.13,CA
57010,38.232108,-122.092706,CA
57011,33.565329,-114.903629,CA
57012,34.5975,-117.2,CA
57031,47.3272,-97.8975,ND
57032,47.1244,-97.8961,ND
57033,48.6303,-98.3169,ND
57038,46.98,-101.554722,ND
57039,41.7244,-105.9906,WY
57040,41.675052,-106.011124,WY
57041,38.4106,-121.9264,CA
57044,41.7619,-76.8553,PA
57045,44.477778,-99.133889,SD
57047,43.7036,-95.7131,MN
57049,48.51,-112.1097,MT
57050,48.5333,-112.1847,MT
57069,44.9156,-93.1994,MN
57079,38.53569,-112.935,UT
57080,44.67598,-72.1013,VT
57081,39.4636,-75.0667,NJ
57085,58.2325,-134.0533,AK
57087,21.68097,-157.975,HI
57090,43.01455,-105.999,WY
57091,41.12968,-105.024,WY
57093,42.884703,-106.221442,WY
57094,40.9969,-88.49,IL
57095,27.122529,-97.557372,TX
57096,45.51,-120.48,OR
57097,48.4968,-99.9513,ND
57098,34.6596,-110.2842,AZ
57106,35.17,-103.74,NM
57107,38.58523,-112.931,UT
57108,34.8217,-98.4525,OK
57109,40.6275,-86.935,IN
57110,41.1508,-88.6233,IL
57111,43.3456,-95.3233,IA
57112,40.6431,-87.0242,IN
57113,41.1406,-88.53,IL
57115,40.5986,-87.0194,IN
57118,37.5499,-99.3444,KS
57120,47.1333,-100.7011,ND
57121,47.292437,-97.931692,ND
57124,42.825278,-115.010833,ID
57125,42.811944,-115.048889,ID
57126,42.770833,-114.988611,ID
57130,44.4967,-69.35,ME
57131,44.19,-85.2983,MI
57135,41.599167,-89.456111,IL
57136,42.8925,-115.0164,ID
57137,45.943,-118.591,OR
57139,40.3042,-78.6908,PA
57141,40.591099,-105.145904,CO
57151,38.0878,-80.4925,WV
57152,45.8131,-120.3475,WA
57153,31.085435,-100.67882,TX
57156,33.052226,-98.328415,TX
57159,45.7269,-120.8339,WA
57160,35.757401,-91.636887,AR
57162,35.84361,-91.850521,AR
57171,46.245556,-103.767222,ND
57176,38.782931,-75.164903,DE
57177,40.6778,-87.0328,IN
57182,39.959167,-76.455555,PA
57184,44.8803,-68.6647,ME
57187,57.7869,-152.4406,AK
57188,46.9547,-120.1819,WA
57189,39.981389,-94.518056,MO
57190,45.7736,-87.9894,WI
57191,41.6758,-87.6514,IL
57194,45.215,-97.9056,SD
57197,29.304177,-98.400339,TX
57198,43.724596,-93.450429,MN
57199,43.563889,-89.148056,WI
57200,35.2536,-81.5956,NC
57201,38.163581,-121.79661,CA
57202,30.320748,-81.956377,FL
57203,40.8795,-83.317072,OH
57204,40.860629,-74.822935,NJ
57205,35.7814,-114.9933,NV
57210,40.9475,-103.783889,CO
57211,43.467057,-111.836381,ID
57212,27.9958,-97.2967,TX
57213,39.2944,-118.5725,NV
57214,42.7317,-92.4711,IA
57216,40.760545,-75.238452,PA
57217,34.094279,-117.400113,CA
57220,34.041389,-117.573055,CA
57222,34.041944,-117.565,CA
57223,34.042778,-117.571666,CA
57237,34.08,-117.2114,CA
57239,39.254444,-79.467222,MD
57240,39.287222,-79.434444,MD
57243,36.468078,-104.635659,NM
57244,39.3383,-102.3533,CO
57248,43.6825,-94.5892,MN
57251,43.3839,-94.1475,IA
57252,43.445,-94.980278,IA
57253,41.6647,-70.5942,MA
57254,34.48017,-117.257938,CA
57257,43.385347,-94.815655,IA
57258,34.36,-103.0667,NM
57260,27.576111,-98.905278,TX
57261,35.855556,-98.968333,OK
57262,41.880278,-98.023889,NE
57268,40.522846,-78.476921,PA
57269,42.781056,-71.092562,MA
57270,42.105237,-71.702979,MA
57274,45.8033,-95.8844,MN
57280,39.9647,-75.6578,PA
57282,35.033725,-118.353422,CA
57283,40.0011,-95.9289,NE
57286,36.333803,-99.480144,OK
57287,43.112222,-74.878888,NY
57290,40.9881,-102.8969,CO
57291,35.023889,-118.295278,CA
57292,35.023889,-118.295278,CA
57293,35.008611,-118.242222,CA
57294,35.008611,-118.242222,CA
57296,44.461908,-93.156387,MN
57299,42.043611,-106.160278,WY
57300,39.4047,-79.29,MD
57302,33.9053,-116.5825,CA
57303,32.4375,-100.7444,TX
57313,34.0578,-118.229722,CA
57315,39.421787,-103.67814,CO
57317,37.694535,-105.927622,CO
57318,33.160601,-111.484011,AZ
57319,45.9192,-120.3039,WA
57320,45.9215,-120.2355,WA
57321,36.476667,-80.601111,NC
57325,41.7678,-88.8867,IL
57326,35.9454,-101.9005,TX
57327,42.9258,-105.7872,WY
57330,38.993056,-75.4375,DE
57333,45.651,-120.2598,OR
57334,35.2458,-80.9967,NC
57335,36.1053,-79.9692,NC
57336,35.3261,-80.9967,NC
57337,39.183611,-75.504444,DE
57338,31.792778,-106.673333,NM
57341,40.494804,-74.399511,NJ
57342,40.590833,-89.046666,IL
57346,35.4642,-99.8983,OK
57347,47.1133,-100.7086,ND
57351,43.9811,-96.4269,MN
57352,40.2314,-74.7539,NJ
57353,38.160653,-113.194462,UT
57354,44.094167,-68.865833,ME
57357,35.2689,-107.3828,NM
57358,36.276111,-99.490833,OK
57359,35.989722,-120.11,CA
57360,35.983056,-120.110277,CA
57361,35.982778,-120.110277,CA
57362,40.152069,-75.865916,PA
57364,32.7792,-114.6344,CA
57367,41.061022,-75.514924,PA
57369,36.716944,-105.60944,NM
57374,43.675,-95.156666,MN
57375,44.916944,-94.735555,MN
57376,40.1808,-117.4739,NV
57377,37.685467,-105.8909,CO
57379,34.6062,-110.1734,AZ
57381,40.62,-74.2144,NJ
57382,40.168811,-74.656719,NJ
57383,40.6772,-74.0919,NJ
57384,40.534393,-74.269998,NJ
57385,44.245556,-96.406389,MN
57386,44.018889,-96.065277,MN
57387,47.1242,-97.8956,ND
57390,40.043856,-76.735474,PA
57392,32.096973,-110.8106,AZ
57396,45.071667,-94.752222,MN
57397,40.369772,-74.58685,NJ
57402,35.909074,-81.152498,NC
57412,40.0264,-77.2344,PA
57414,41.6083,-70.6089,MA
57415,30.772575,-102.505808,TX
57417,42.583889,-91.370833,IA
57421,43.433889,-84.4975,MI
57422,38.659722,-121.7294,CA
57424,44.5281,-96.6267,SD
57432,43.920556,-93.140555,MN
57434,43.902753,-96.021744,MN
57435,36.425,-77.064,NC
57437,44.142698,-121.269747,OR
57438,29.700407,-82.337828,FL
57447,39.0072,-79.8866,WV
57448,39.613028,-75.309477,NJ
57458,40.535787,-74.391268,NJ
57461,35.020415,-84.015676,NC
57462,41.388431,-84.095841,OH
57465,40.936111,-76.038888,PA
57468,43.3192,-93.8836,IA
57469,42.224436,-93.373625,IA
57471,40.684444,-74.404444,NJ
57473,41.715804,-70.974448,MA
57474,33.661111,-101.39,TX
57481,44.436111,-73.145277,VT
57485,40.483888,-74.856666,NJ
57487,40.514444,-74.976944,NJ
57488,40.675833,-74.912222,NJ
57493,40.694444,-87.570833,IL
57494,40.640556,-76.605417,PA
57496,46.658,-121.1287,WA
57497,36.531389,-120.106944,CA
57498,36.400278,-120.103333,CA
57499,36.378726,-120.124898,CA
57500,41.883333,-92.933333,IA
57507,40.592841,-105.147097,CO
57509,38.7228,-104.7817,CO
57519,40.556211,-75.593873,PA
57524,32.2894,-111.0331,AZ
57525,22.080416,-159.331599,HI
57551,44.7264,-108.8644,WY
57553,44.3481,-87.9278,WI
57554,38.957901,-104.806627,CO
57556,35.241675,-114.004591,AZ
57559,37.750894,-122.481758,CA
57561,33.034722,-112.661667,AZ
57562,33.021111,-112.661389,AZ
57563,33.02566,-113.34397,AZ
57565,28.488889,-81.182222,FL
57567,35.168957,-106.60005,NM
57571,34.833136,-106.772413,NM
57574,40.281801,-74.793638,NJ
57575,32.165833,-107.75056,NM
57576,35.643333,-105.206667,NM
57577,32.86571,-105.999775,NM
57578,45.613061,-120.616906,OR
57579,37.8583,-120.8917,CA
57586,38.169444,-121.846944,CA
57588,40.3622,-74.4797,NJ
57589,40.861111,-72.847777,NY
57590,35.280278,-97.975556,OK
57591,32.63,-107.259722,NM
57594,37.6167,-121.3564,CA
57613,41.584444,-81.525555,OH
57616,34.910361,-98.5599,OK
57620,41.025278,-84.779166,OH
57626,37.714167,-121.521666,CA
57631,41.3931,-94.4447,IA
57632,41.2258,-94.4406,IA
57635,45.744171,-120.783568,WA
57637,40.1908,-84.8172,IN
57643,38.1728,-104.62,CO
57645,39.904133,-104.654183,CO
57646,39.4836,-76.2292,MD
57647,40.818888,-74.718611,NJ
57649,43.6848,-94.8799,MN
57652,45.108889,-123.278611,OR
57656,33.826389,-117.511667,CA
57660,39.4175,-74.973889,NJ
57661,40.256667,-74.349722,NJ
57662,40.279722,-74.556389,NJ
57665,44.978889,-93.247777,MN
57667,39.485,-75.215,NJ
57668,40.2142,-77.2061,PA
57669,38.364722,-121.41278,CA
57670,38.253056,-121.278888,CA
57671,38.237778,-121.3375,CA
57673,33.409063,-112.414596,AZ
57674,42.151389,-72.498889,MA
57675,40.46405,-88.021517,IL
57676,42.4525,-73.2403,MA
57677,34.999167,-84.157254,NC
57681,40.048025,-105.180327,CO
57682,36.9408,-120.1572,CA
57683,33.881667,-118.0175,CA
57687,34.989539,-84.166197,NC
57690,47.605278,-112.096944,MT
57697,38.613508,-121.162879,CA
57698,38.6086,-121.1703,CA
57699,30.238492,-97.508812,TX
57700,37.790833,-121.718055,CA
57707,33.341833,-112.904028,AZ
57721,42.586667,-73.275,MA
57723,39.825278,-75.219722,NJ
57724,40.750833,-74.11,NJ
57728,40.031388,-74.824722,NJ
57732,45.5897,-95.877033,MN
57733,40.825556,-74.714722,NJ
57734,39.876111,-75.008611,NJ
57736,32.12743,-103.137825,NM
57737,32.183611,-103.183056,NM
57738,32.469722,-103.323333,NM
57739,32.681944,-103.303611,NM
57740,32.345556,-104.234722,NM
57742,39.490271,-75.037391,NJ
57745,39.462376,-75.070039,NJ
57746,39.505034,-74.997703,NJ
57747,38.907778,-76.864444,MD
57749,42.982222,-115.393333,ID
57750,39.4875,-74.980833,NJ
57753,38.338868,-121.431342,CA
57755,41.864583,-97.961194,NE
57760,42.703333,-112.757778,ID
57761,42.738889,-112.748611,ID
57763,47.7916,-121.8,WA
57765,32.687778,-114.49611,AZ
57766,42.674722,-112.901944,ID
57767,39.973333,-90.699166,IL
57768,39.866667,-75.667777,PA
57772,38.757689,-75.602031,DE
57773,33.661667,-114.651667,CA
57775,35.145833,-114.0675,AZ
57776,40.506358,-74.323519,NJ
57790,34.585833,-113.177222,AZ
57791,38.232222,-122.092778,CA
57792,34.084722,-117.529444,CA
57795,32.367013,-112.831401,AZ
57799,40.2675,-74.278611,NJ
57803,44.396944,-117.271944,OR
57805,40.952084,-74.195502,NJ
57813,43.991667,-91.877777,MN
57815,40.292778,-74.847222,NJ
57823,45.589722,-95.876944,MN
57827,36.538056,-119.426388,CA
57840,32.791667,-117.095277,CA
57841,33.921667,-118.124444,CA
57854,34.194444,-118.39028,CA
57855,42.716389,-70.841944,MA
57856,32.874379,-117.238927,CA
57858,37.46,-96.42,KS
57863,39.421944,-74.639167,NJ
57864,39.488443,-74.535263,NJ
57866,35.243611,-102.21,TX
57867,42.315278,-77.538333,NY
57868,40.554341,-74.468014,NJ
57869,40.373898,-74.489236,NJ
57870,35.801111,-119.110556,CA
57879,38.373611,-75.535278,MD
57880,44.728333,-93.048056,MN
57895,35.402778,-119.038611,CA
57931,42.190909,-72.682421,MA
57939,32.866837,-111.771751,AZ
57947,32.55434,-107.50929,NM
57948,39.380565,-75.188312,NJ
57956,35.325278,-98.071389,OK
58080,33.733006,-97.428406,TX